run_id,seed,fold,start_date,end_date,seconds,run_id,seed,signals.entry_z,signals.exit_z,signals.hard_stop_z,gates.fdr_alpha,gates.time_stop_multiple,gates.hl_min_days,gates.hl_max_days,risk.max_active_spreads,gates.adf_pvalue,Net Sharpe,Gross Sharpe,Net APR,Gross APR,Cost skip rate
000,300000,F1_2017_2018,2017-01-01,2018-12-31,6.015,000,300000,1.868,0.2708,5,0.1079,4.0,3,60,3,0.1145,0.20676354745545406,0.2691643041386398,0.007822626871162182,0.010206331865971674,0.0
000,300000,F2_2018_2019,2018-01-01,2019-12-31,6.024,000,300000,1.868,0.2708,5,0.1079,4.0,3,60,3,0.1145,-0.2826557214214768,-0.17628683709591406,-0.006257481286350737,-0.0038920087072934744,0.0
000,300000,F3_2019_2020,2019-01-01,2020-12-31,7.052,000,300000,1.868,0.2708,5,0.1079,4.0,3,60,3,0.1145,-0.1625645749959894,-0.11565864429496565,-0.005589137140003794,-0.003968861707448961,0.0
000,300000,F4_2020_2021,2020-01-01,2021-12-31,7.189,000,300000,1.868,0.2708,5,0.1079,4.0,3,60,3,0.1145,-1.1738827292645793,-1.0638866239055438,-0.02970154539736512,-0.026753230199813835,0.0
000,300000,F5_2022_2023,2022-01-01,2023-12-31,6.073,000,300000,1.868,0.2708,5,0.1079,4.0,3,60,3,0.1145,0.5219857773702914,0.5765044163032363,0.017799999084298853,0.019656443162629704,0.0
000,300000,F1_2017_2018,2017-01-01,2018-12-31,5.719,000,300000,1.868,0.2708,5,0.1079,4.0,3,60,3,0.1145,0.20676354745545406,0.2691643041386398,0.007822626871162182,0.010206331865971674,0.0
000,300000,F2_2018_2019,2018-01-01,2019-12-31,5.131,000,300000,1.868,0.2708,5,0.1079,4.0,3,60,3,0.1145,-0.2826557214214768,-0.17628683709591406,-0.006257481286350737,-0.0038920087072934744,0.0
000,300000,F3_2019_2020,2019-01-01,2020-12-31,6.314,000,300000,1.868,0.2708,5,0.1079,4.0,3,60,3,0.1145,-0.1625645749959894,-0.11565864429496565,-0.005589137140003794,-0.003968861707448961,0.0
000,300000,F4_2020_2021,2020-01-01,2021-12-31,6.574,000,300000,1.868,0.2708,5,0.1079,4.0,3,60,3,0.1145,-1.1738827292645793,-1.0638866239055438,-0.02970154539736512,-0.026753230199813835,0.0
000,300000,F5_2022_2023,2022-01-01,2023-12-31,5.523,000,300000,1.868,0.2708,5,0.1079,4.0,3,60,3,0.1145,0.5219857773702914,0.5765044163032363,0.017799999084298853,0.019656443162629704,0.0
001,300001,F1_2017_2018,2017-01-01,2018-12-31,5.148,001,300001,2.2768,0.6575,5,0.1111,4.0,3,30,6,0.124,0.01941855471291044,0.09739743247007379,0.0006990582679128953,0.0035113000604247973,0.0
001,300001,F2_2018_2019,2018-01-01,2019-12-31,5.344,001,300001,2.2768,0.6575,5,0.1111,4.0,3,30,6,0.124,-1.0122044466890765,-0.8770316470724668,-0.0179338498608397,-0.015520985058551767,0.0
001,300001,F3_2019_2020,2019-01-01,2020-12-31,6.459,001,300001,2.2768,0.6575,5,0.1111,4.0,3,30,6,0.124,0.038792062196471695,0.10703776754262537,0.0009549201528770909,0.002631202186644078,0.0
001,300001,F4_2020_2021,2020-01-01,2021-12-31,7.28,001,300001,2.2768,0.6575,5,0.1111,4.0,3,30,6,0.124,-1.1278608305049012,-0.9885208159407937,-0.018341965871878658,-0.016014598014354706,0.0
001,300001,F5_2022_2023,2022-01-01,2023-12-31,6.084,001,300001,2.2768,0.6575,5,0.1111,4.0,3,30,6,0.124,0.042907566629958246,0.11379116485297985,0.0009479989435101369,0.00250643534740752,0.0
002,300002,F1_2017_2018,2017-01-01,2018-12-31,5.101,002,300002,2.4242,0.4542,5,0.0881,4.0,3,20,3,0.0432,0.28529233710714413,0.3399274830230373,0.010733818423823411,0.012799681699105718,0.0
002,300002,F2_2018_2019,2018-01-01,2019-12-31,5.334,002,300002,2.4242,0.4542,5,0.0881,4.0,3,20,3,0.0432,-0.8950727124529978,-0.7926564360733995,-0.017952152760728122,-0.01582026343310877,0.0
002,300002,F3_2019_2020,2019-01-01,2020-12-31,6.28,002,300002,2.4242,0.4542,5,0.0881,4.0,3,20,3,0.0432,0.43274814327064587,0.4878286244641057,0.013418667085226365,0.015082771465778348,0.0
002,300002,F4_2020_2021,2020-01-01,2021-12-31,6.612,002,300002,2.4242,0.4542,5,0.0881,4.0,3,20,3,0.0432,-0.982574753386861,-0.8578242619351502,-0.019312118595635214,-0.01669374732112885,0.0
002,300002,F5_2022_2023,2022-01-01,2023-12-31,5.469,002,300002,2.4242,0.4542,5,0.0881,4.0,3,20,3,0.0432,0.16834774603634195,0.2274730275109166,0.004374966671514816,0.005894141474805909,0.0
003,300003,F1_2017_2018,2017-01-01,2018-12-31,5.172,003,300003,1.7762,0.7812,5,0.0818,3.0,3,60,8,0.1797,-0.016476146966105998,0.07477008687645256,-0.0005178676684474474,0.0023542625509589514,0.0
003,300003,F2_2018_2019,2018-01-01,2019-12-31,5.346,003,300003,1.7762,0.7812,5,0.0818,3.0,3,60,8,0.1797,-0.17624579971765592,0.007269541591227062,-0.003075287325284185,0.00012648546459760336,0.0
003,300003,F3_2019_2020,2019-01-01,2020-12-31,6.455,003,300003,1.7762,0.7812,5,0.0818,3.0,3,60,8,0.1797,-0.7352369353625358,-0.6494891069875687,-0.013744367676706832,-0.012096491769254206,0.0
003,300003,F4_2020_2021,2020-01-01,2021-12-31,6.76,003,300003,1.7762,0.7812,5,0.0818,3.0,3,60,8,0.1797,-1.3356936148524328,-1.1621192732112606,-0.022081180277013304,-0.019115901035904888,0.0
003,300003,F5_2022_2023,2022-01-01,2023-12-31,5.726,003,300003,1.7762,0.7812,5,0.0818,3.0,3,60,8,0.1797,0.1428611559871081,0.23665748169070971,0.0032241263365338536,0.005336152742432975,0.0
004,300004,F1_2017_2018,2017-01-01,2018-12-31,5.708,004,300004,2.1,0.4481,5,0.0905,4.0,3,20,8,0.0536,0.027259329441079196,0.11691919527629091,0.0009476301724888491,0.004059688047932991,0.0
004,300004,F2_2018_2019,2018-01-01,2019-12-31,5.359,004,300004,2.1,0.4481,5,0.0905,4.0,3,20,8,0.0536,-0.7460250997697031,-0.5919513060019747,-0.0130824497375034,-0.010348497494063054,0.0
004,300004,F3_2019_2020,2019-01-01,2020-12-31,6.541,004,300004,2.1,0.4481,5,0.0905,4.0,3,20,8,0.0536,-0.128819991180268,-0.05528628446234092,-0.002859390333010722,-0.0012250455302000047,0.0
004,300004,F4_2020_2021,2020-01-01,2021-12-31,6.779,004,300004,2.1,0.4481,5,0.0905,4.0,3,20,8,0.0536,-0.8696292026877026,-0.7272608136662962,-0.015648558334062486,-0.013055941007614136,0.0
004,300004,F5_2022_2023,2022-01-01,2023-12-31,5.708,004,300004,2.1,0.4481,5,0.0905,4.0,3,20,8,0.0536,0.4161776957204615,0.48382842948777083,0.010986815180303129,0.01275398117436656,0.0
005,300005,F1_2017_2018,2017-01-01,2018-12-31,5.023,005,300005,1.9602,0.338,5,0.1153,4.0,3,20,3,0.0941,0.44327241250103755,0.5107478637894114,0.015340690714354177,0.01772090744575769,0.0
005,300005,F2_2018_2019,2018-01-01,2019-12-31,5.187,005,300005,1.9602,0.338,5,0.1153,4.0,3,20,3,0.0941,-0.1331327850690413,-0.01960125461978768,-0.002876531010005261,-0.00042242204220076387,0.0
005,300005,F3_2019_2020,2019-01-01,2020-12-31,6.282,005,300005,1.9602,0.338,5,0.1153,4.0,3,20,3,0.0941,-0.2342379998660492,-0.18824916281870993,-0.00805397230547018,-0.006460467611074447,0.0
005,300005,F4_2020_2021,2020-01-01,2021-12-31,6.562,005,300005,1.9602,0.338,5,0.1153,4.0,3,20,3,0.0941,-1.1695935494874523,-1.0533380461448523,-0.027253055179400208,-0.024342761910438535,0.0
005,300005,F5_2022_2023,2022-01-01,2023-12-31,5.638,005,300005,1.9602,0.338,5,0.1153,4.0,3,20,3,0.0941,0.3733497949695052,0.42750142510641487,0.012731999903159968,0.014551589726562274,0.0
006,300006,F1_2017_2018,2017-01-01,2018-12-31,5.058,006,300006,2.16,0.7788,5,0.065,4.0,3,30,4,0.0345,0.7634090642083589,0.8173394590134906,0.025237689384262744,0.027080188332941714,0.0
006,300006,F2_2018_2019,2018-01-01,2019-12-31,5.163,006,300006,2.16,0.7788,5,0.065,4.0,3,30,4,0.0345,-0.5678785814193036,-0.453145519717362,-0.009966417883766445,-0.007949626181459998,0.0
006,300006,F3_2019_2020,2019-01-01,2020-12-31,6.309,006,300006,2.16,0.7788,5,0.065,4.0,3,30,4,0.0345,0.24222316084872764,0.3086180263532572,0.006712050474358166,0.008545205343306064,0.0
006,300006,F4_2020_2021,2020-01-01,2021-12-31,6.652,006,300006,2.16,0.7788,5,0.065,4.0,3,30,4,0.0345,-0.8753727426125673,-0.7392529421697592,-0.017785813779831967,-0.014992352797448639,0.0
006,300006,F5_2022_2023,2022-01-01,2023-12-31,5.504,006,300006,2.16,0.7788,5,0.065,4.0,3,30,4,0.0345,0.49732027977268567,0.5580367285014843,0.01495119703897678,0.0167475282011878,0.0
007,300007,F1_2017_2018,2017-01-01,2018-12-31,5.248,007,300007,1.8845,0.3227,6,0.064,4.0,3,30,8,0.1222,-0.10843685365669752,-0.03282935459670155,-0.003945854358508692,-0.0011962651248049836,0.0
007,300007,F2_2018_2019,2018-01-01,2019-12-31,5.356,007,300007,1.8845,0.3227,6,0.064,4.0,3,30,8,0.1222,-0.5458257178076124,-0.38845652486304383,-0.009503729328340498,-0.006748394996833042,0.0
007,300007,F3_2019_2020,2019-01-01,2020-12-31,6.526,007,300007,1.8845,0.3227,6,0.064,4.0,3,30,8,0.1222,-1.0080764904281314,-0.9457310101745452,-0.02434332166375256,-0.022766687241911887,0.0
007,300007,F4_2020_2021,2020-01-01,2021-12-31,6.854,007,300007,1.8845,0.3227,6,0.064,4.0,3,30,8,0.1222,-0.8941748827802597,-0.7542786818338799,-0.01880940080218539,-0.015825944316595786,0.0
007,300007,F5_2022_2023,2022-01-01,2023-12-31,5.701,007,300007,1.8845,0.3227,6,0.064,4.0,3,30,8,0.1222,0.3537367947999813,0.43365044266302083,0.008827733113672643,0.010821148441721579,0.0
008,300008,F1_2017_2018,2017-01-01,2018-12-31,5.251,008,300008,1.9282,0.3204,5,0.1017,4.0,3,20,8,0.0897,-0.18431657446812763,-0.09505387681059482,-0.006637312767385928,-0.003425168907784419,0.0
008,300008,F2_2018_2019,2018-01-01,2019-12-31,5.447,008,300008,1.9282,0.3204,5,0.1017,4.0,3,20,8,0.0897,-0.7530892914551872,-0.5991835684931331,-0.0152642646429837,-0.012114336221991305,0.0
008,300008,F3_2019_2020,2019-01-01,2020-12-31,6.497,008,300008,1.9282,0.3204,5,0.1017,4.0,3,20,8,0.0897,-0.4233377492407704,-0.3457648729539778,-0.009156048162673357,-0.007461884720206261,0.0
008,300008,F4_2020_2021,2020-01-01,2021-12-31,6.848,008,300008,1.9282,0.3204,5,0.1017,4.0,3,20,8,0.0897,-1.147585229994613,-1.0042578879641895,-0.02166567326098901,-0.018905701748818157,0.0
008,300008,F5_2022_2023,2022-01-01,2023-12-31,5.744,008,300008,1.9282,0.3204,5,0.1017,4.0,3,20,8,0.0897,0.26791126651986596,0.3423542447536577,0.007093081246748868,0.00904659862056178,0.0
009,300009,F1_2017_2018,2017-01-01,2018-12-31,5.085,009,300009,2.2452,0.7116,5,0.0603,4.0,3,20,5,0.0657,0.22596871311015354,0.28050204671807294,0.008923541934611121,0.011098187663481796,0.0
009,300009,F2_2018_2019,2018-01-01,2019-12-31,5.198,009,300009,2.2452,0.7116,5,0.0603,4.0,3,20,5,0.0657,-0.678743211601381,-0.543627819764121,-0.011432523215201953,-0.0091473022631763,0.0
009,300009,F3_2019_2020,2019-01-01,2020-12-31,6.44,009,300009,2.2452,0.7116,5,0.0603,4.0,3,20,5,0.0657,-0.23163861490803286,-0.16207774132503028,-0.0058724782422694055,-0.004099203505337242,0.0
009,300009,F4_2020_2021,2020-01-01,2021-12-31,6.623,009,300009,2.2452,0.7116,5,0.0603,4.0,3,20,5,0.0657,-1.190449584739657,-1.0383829329649221,-0.01874938073490815,-0.0163156057330966,0.0
009,300009,F5_2022_2023,2022-01-01,2023-12-31,5.56,009,300009,2.2452,0.7116,5,0.0603,4.0,3,20,5,0.0657,0.17564164068496854,0.23983502097622955,0.004750757003193054,0.006470948289205213,0.0
010,300010,F1_2017_2018,2017-01-01,2018-12-31,5.209,010,300010,2.0233,0.4015,5,0.1182,4.0,3,30,7,0.0362,0.1953540661526935,0.2809154875798863,0.007098876175953266,0.010223496616034456,0.0
010,300010,F2_2018_2019,2018-01-01,2019-12-31,5.366,010,300010,2.0233,0.4015,5,0.1182,4.0,3,30,7,0.0362,-0.9144363699387543,-0.7604969754441664,-0.01785136476744555,-0.014805214529189455,0.0
010,300010,F3_2019_2020,2019-01-01,2020-12-31,6.471,010,300010,2.0233,0.4015,5,0.1182,4.0,3,30,7,0.0362,-0.21842163422295757,-0.1412572224949239,-0.004599406657042519,-0.0029668153350949286,0.0
010,300010,F4_2020_2021,2020-01-01,2021-12-31,6.783,010,300010,2.0233,0.4015,5,0.1182,4.0,3,30,7,0.0362,-0.9192781687179056,-0.7798450072868385,-0.017298383201360276,-0.014626614857137203,0.0
010,300010,F5_2022_2023,2022-01-01,2023-12-31,5.659,010,300010,2.0233,0.4015,5,0.1182,4.0,3,30,7,0.0362,0.21362959436709578,0.28657466046859476,0.005789054865669611,0.007745247547104322,0.0
011,300011,F1_2017_2018,2017-01-01,2018-12-31,5.269,011,300011,1.9365,0.6149,6,0.1134,4.0,3,60,7,0.16,0.014431093429342177,0.10177162918229603,0.0005272799864418225,0.003725587839210194,0.0
011,300011,F2_2018_2019,2018-01-01,2019-12-31,5.378,011,300011,1.9365,0.6149,6,0.1134,4.0,3,60,7,0.16,-0.6995361636025136,-0.5437083854602095,-0.0140170396143152,-0.010867905870996147,0.0
011,300011,F3_2019_2020,2019-01-01,2020-12-31,6.465,011,300011,1.9365,0.6149,6,0.1134,4.0,3,60,7,0.16,-0.6251726877504579,-0.5578414229197484,-0.016254718584152724,-0.014469363195002081,0.0
011,300011,F4_2020_2021,2020-01-01,2021-12-31,6.772,011,300011,1.9365,0.6149,6,0.1134,4.0,3,60,7,0.16,-0.9163526095056382,-0.772374226648417,-0.0174468437007122,-0.014677681988179682,0.0
011,300011,F5_2022_2023,2022-01-01,2023-12-31,5.677,011,300011,1.9365,0.6149,6,0.1134,4.0,3,60,7,0.16,0.5753226719186731,0.6541154957210314,0.01526678065537521,0.01731824778883828,0.0
012,300012,F1_2017_2018,2017-01-01,2018-12-31,5.232,012,300012,1.8881,0.7539,5,0.0953,4.0,3,20,7,0.0292,0.1059266173549267,0.19335768823516042,0.0037510076252082144,0.006855674531990184,0.0
012,300012,F2_2018_2019,2018-01-01,2019-12-31,5.373,012,300012,1.8881,0.7539,5,0.0953,4.0,3,20,7,0.0292,-1.0890547194623674,-0.9412573864070484,-0.02276974988854401,-0.019625892753141336,0.0
012,300012,F3_2019_2020,2019-01-01,2020-12-31,6.424,012,300012,1.8881,0.7539,5,0.0953,4.0,3,20,7,0.0292,-0.21710845154601024,-0.12943182064413256,-0.0041266211593525125,-0.002453424138844011,0.0
012,300012,F4_2020_2021,2020-01-01,2021-12-31,6.812,012,300012,1.8881,0.7539,5,0.0953,4.0,3,20,7,0.0292,-1.0229272410945487,-0.8739922521356436,-0.018816205796898525,-0.016028558175027373,0.0
012,300012,F5_2022_2023,2022-01-01,2023-12-31,5.685,012,300012,1.8881,0.7539,5,0.0953,4.0,3,20,7,0.0292,0.37066503374109233,0.4517370540110636,0.009459893892134546,0.011521024144882925,0.0
013,300013,F1_2017_2018,2017-01-01,2018-12-31,5.165,013,300013,2.4982,0.4405,5,0.1157,4.0,3,60,5,0.1185,0.26093671791637146,0.320588077305039,0.01046609386908449,0.012869299349547685,0.0
013,300013,F2_2018_2019,2018-01-01,2019-12-31,5.242,013,300013,2.4982,0.4405,5,0.1157,4.0,3,60,5,0.1185,-0.8653557205068424,-0.738324717000449,-0.014336323140855615,-0.012196637951003604,0.0
013,300013,F3_2019_2020,2019-01-01,2020-12-31,6.316,013,300013,2.4982,0.4405,5,0.1157,4.0,3,60,5,0.1185,0.3755572234138607,0.43961501925638174,0.009589468015324294,0.01119149620294571,0.0
013,300013,F4_2020_2021,2020-01-01,2021-12-31,6.612,013,300013,2.4982,0.4405,5,0.1157,4.0,3,60,5,0.1185,-0.8914805771337382,-0.7539810642733455,-0.013379589146660362,-0.011273240549087526,0.0
013,300013,F5_2022_2023,2022-01-01,2023-12-31,5.514,013,300013,2.4982,0.4405,5,0.1157,4.0,3,60,5,0.1185,0.25584132454765673,0.3214613116027351,0.0056960408443979,0.007137483425331333,0.0
014,300014,F1_2017_2018,2017-01-01,2018-12-31,5.209,014,300014,2.1478,0.1095,6,0.077,4.0,3,20,6,0.1313,0.37918891874282035,0.44420189972736596,0.014901024888243365,0.017488821198235374,0.0
014,300014,F2_2018_2019,2018-01-01,2019-12-31,5.317,014,300014,2.1478,0.1095,6,0.077,4.0,3,20,6,0.1313,-0.8562527576531651,-0.7228208598025889,-0.01626542610765037,-0.013699526459264564,0.0
014,300014,F3_2019_2020,2019-01-01,2020-12-31,6.408,014,300014,2.1478,0.1095,6,0.077,4.0,3,20,6,0.1313,-0.6785826520350828,-0.6203738771280207,-0.020071332871764637,-0.018308213663816453,0.0
014,300014,F4_2020_2021,2020-01-01,2021-12-31,6.719,014,300014,2.1478,0.1095,6,0.077,4.0,3,20,6,0.1313,-0.252878836776682,-0.1086507946637138,-0.004409621584864186,-0.0018942123841643298,0.0
014,300014,F5_2022_2023,2022-01-01,2023-12-31,5.631,014,300014,2.1478,0.1095,6,0.077,4.0,3,20,6,0.1313,0.6265971886813393,0.691584046750017,0.017072352978160916,0.018813638720776862,0.0
015,300015,F1_2017_2018,2017-01-01,2018-12-31,5.132,015,300015,1.9885,0.2959,6,0.0868,3.0,3,30,6,0.1334,0.3180509217204887,0.39724830805650246,0.011092063551688788,0.0138924800818798,0.0
015,300015,F2_2018_2019,2018-01-01,2019-12-31,5.262,015,300015,1.9885,0.2959,6,0.0868,3.0,3,30,6,0.1334,-0.44267141879103616,-0.2819268506007723,-0.0079178144312091,-0.0050158051111061745,0.0
015,300015,F3_2019_2020,2019-01-01,2020-12-31,6.394,015,300015,1.9885,0.2959,6,0.0868,3.0,3,30,6,0.1334,-1.0625789105961105,-1.0009769001656916,-0.030253968846903876,-0.0284179575754404,0.0
015,300015,F4_2020_2021,2020-01-01,2021-12-31,6.646,015,300015,1.9885,0.2959,6,0.0868,3.0,3,30,6,0.1334,-0.9193151446291532,-0.7488438554835641,-0.014051020147389952,-0.011385904299020769,0.0
015,300015,F5_2022_2023,2022-01-01,2023-12-31,5.722,015,300015,1.9885,0.2959,6,0.0868,3.0,3,30,6,0.1334,0.47240563964436333,0.5463861573479339,0.01268418348614004,0.014630396925639605,0.0
016,300016,F1_2017_2018,2017-01-01,2018-12-31,5.014,016,300016,1.8286,0.4708,5,0.0643,4.0,3,30,3,0.1376,0.29255435221572074,0.34688274371726047,0.010006986020609355,0.011891616267536924,0.0
016,300016,F2_2018_2019,2018-01-01,2019-12-31,5.164,016,300016,1.8286,0.4708,5,0.0643,4.0,3,30,3,0.1376,0.1868496759118637,0.316919080387723,0.0035992408513545104,0.006113662091737723,0.0
016,300016,F3_2019_2020,2019-01-01,2020-12-31,6.291,016,300016,1.8286,0.4708,5,0.0643,4.0,3,30,3,0.1376,0.08326345454405364,0.1436106262679811,0.0023953120808145826,0.0041205171542167685,0.0
016,300016,F4_2020_2021,2020-01-01,2021-12-31,6.569,016,300016,1.8286,0.4708,5,0.0643,4.0,3,30,3,0.1376,-1.371769683874815,-1.2630424030479395,-0.03623289395716521,-0.033115319868087766,0.0
016,300016,F5_2022_2023,2022-01-01,2023-12-31,5.565,016,300016,1.8286,0.4708,5,0.0643,4.0,3,30,3,0.1376,0.11340046968246542,0.17651605046698107,0.0033663933185871828,0.005234820362622154,0.0
017,300017,F1_2017_2018,2017-01-01,2018-12-31,5.129,017,300017,1.8722,0.7461,5,0.1152,4.0,3,60,5,0.1645,0.20090082136356557,0.27135733006735924,0.007747170651161943,0.010480008485287962,0.0
017,300017,F2_2018_2019,2018-01-01,2019-12-31,5.305,017,300017,1.8722,0.7461,5,0.1152,4.0,3,60,5,0.1645,-0.8238007169483912,-0.6651178037350933,-0.01544161391965946,-0.012466439812124487,0.0
017,300017,F3_2019_2020,2019-01-01,2020-12-31,6.388,017,300017,1.8722,0.7461,5,0.1152,4.0,3,60,5,0.1645,0.01966061707517941,0.09021203392282372,0.000526245530336162,0.0024099480037689212,0.0
017,300017,F4_2020_2021,2020-01-01,2021-12-31,6.699,017,300017,1.8722,0.7461,5,0.1152,4.0,3,60,5,0.1645,-0.5880002384936525,-0.44491542779179577,-0.011708835017929176,-0.008861507636070253,0.0
017,300017,F5_2022_2023,2022-01-01,2023-12-31,5.582,017,300017,1.8722,0.7461,5,0.1152,4.0,3,60,5,0.1645,0.35354262886187704,0.42443465633565824,0.00945384652650837,0.011347967525572118,0.0
018,300018,F1_2017_2018,2017-01-01,2018-12-31,5.246,018,300018,1.944,0.5087,6,0.0767,4.0,3,60,7,0.1849,0.006470380054052256,0.08596547212274873,0.00022941527461251888,0.003052874328145723,0.0
018,300018,F2_2018_2019,2018-01-01,2019-12-31,5.34,018,300018,1.944,0.5087,6,0.0767,4.0,3,60,7,0.1849,-0.8647191410952932,-0.7145751842630581,-0.016193183108172523,-0.013316061553827795,0.0
018,300018,F3_2019_2020,2019-01-01,2020-12-31,6.457,018,300018,1.944,0.5087,6,0.0767,4.0,3,60,7,0.1849,-0.8026880725773373,-0.7342920992301893,-0.019812764162239434,-0.018072420550167563,0.0
018,300018,F4_2020_2021,2020-01-01,2021-12-31,6.785,018,300018,1.944,0.5087,6,0.0767,4.0,3,60,7,0.1849,-1.1066177393442844,-0.9584946038673656,-0.01947576222229562,-0.01679611119502783,0.0
018,300018,F5_2022_2023,2022-01-01,2023-12-31,5.693,018,300018,1.944,0.5087,6,0.0767,4.0,3,60,7,0.1849,0.5084250806031982,0.5831650673588902,0.013426313175323095,0.015378859803259728,0.0
019,300019,F1_2017_2018,2017-01-01,2018-12-31,5.065,019,300019,2.3598,0.1708,5,0.0698,4.0,3,20,5,0.154,0.23349258006135598,0.2844866355436519,0.0094117468930302,0.011479309507356608,0.0
019,300019,F2_2018_2019,2018-01-01,2019-12-31,5.22,019,300019,2.3598,0.1708,5,0.0698,4.0,3,20,5,0.154,-0.7956302639301597,-0.6603323782165698,-0.013834464365710866,-0.011487721803145577,0.0
019,300019,F3_2019_2020,2019-01-01,2020-12-31,6.352,019,300019,2.3598,0.1708,5,0.0698,4.0,3,20,5,0.154,0.2529754568718613,0.3301966467363145,0.00586957352664023,0.007642218259692191,0.0
019,300019,F4_2020_2021,2020-01-01,2021-12-31,6.641,019,300019,2.3598,0.1708,5,0.0698,4.0,3,20,5,0.154,-0.6407490151154854,-0.4893805552243241,-0.009504415446042894,-0.00721275763195753,0.0
019,300019,F5_2022_2023,2022-01-01,2023-12-31,5.561,019,300019,2.3598,0.1708,5,0.0698,4.0,3,20,5,0.154,0.16200645460610347,0.22911693677503006,0.0042059500200417035,0.005931212508834409,0.0
020,300020,F1_2017_2018,2017-01-01,2018-12-31,5.188,020,300020,2.2113,0.2689,5,0.0739,4.0,3,20,7,0.1785,0.2701884088804386,0.34671445885520336,0.009610258828878181,0.01234780742041035,0.0
020,300020,F2_2018_2019,2018-01-01,2019-12-31,6.042,020,300020,2.2113,0.2689,5,0.0739,4.0,3,20,7,0.1785,-0.777159154216304,-0.6326833855413077,-0.013388667364651188,-0.01086453537992842,0.0
020,300020,F3_2019_2020,2019-01-01,2020-12-31,6.732,020,300020,2.2113,0.2689,5,0.0739,4.0,3,20,7,0.1785,-0.12162475318886709,-0.04469056211948011,-0.0025304740240398244,-0.0009281216512918439,0.0
020,300020,F4_2020_2021,2020-01-01,2021-12-31,6.749,020,300020,2.2113,0.2689,5,0.0739,4.0,3,20,7,0.1785,-1.3984611519437025,-1.2540852431601999,-0.02075749204280986,-0.018556117959320547,0.0
020,300020,F5_2022_2023,2022-01-01,2023-12-31,5.787,020,300020,2.2113,0.2689,5,0.0739,4.0,3,20,7,0.1785,0.02535211071080645,0.09569617735384787,0.0006243174459329811,0.0023503467047403686,0.0
021,300021,F1_2017_2018,2017-01-01,2018-12-31,5.137,021,300021,2.4263,0.1462,5,0.0718,4.0,3,20,6,0.1089,0.14767274669017846,0.21512094736673812,0.005263105516972582,0.007675392939757265,0.0
021,300021,F2_2018_2019,2018-01-01,2019-12-31,5.266,021,300021,2.4263,0.1462,5,0.0718,4.0,3,20,6,0.1089,-0.8475926259075659,-0.7084189717078193,-0.014272960638792102,-0.011900587663750248,0.0
021,300021,F3_2019_2020,2019-01-01,2020-12-31,6.438,021,300021,2.4263,0.1462,5,0.0718,4.0,3,20,6,0.1089,0.14815690545940374,0.23300057807081442,0.0030691603946144796,0.004810927647382022,0.0
021,300021,F4_2020_2021,2020-01-01,2021-12-31,6.643,021,300021,2.4263,0.1462,5,0.0718,4.0,3,20,6,0.1089,-1.094988793211391,-0.9543388442392309,-0.017197453835474948,-0.01488994563871622,0.0
021,300021,F5_2022_2023,2022-01-01,2023-12-31,5.577,021,300021,2.4263,0.1462,5,0.0718,4.0,3,20,6,0.1089,0.09205077083347998,0.16462091011706964,0.0020740133620900554,0.003697982202802946,0.0
022,300022,F1_2017_2018,2017-01-01,2018-12-31,5.291,022,300022,1.8564,0.501,6,0.1156,4.0,3,60,8,0.1053,-0.212423357521908,-0.1253050690444356,-0.008079975208717394,-0.004770232654085316,0.0
022,300022,F2_2018_2019,2018-01-01,2019-12-31,5.478,022,300022,1.8564,0.501,6,0.1156,4.0,3,60,8,0.1053,-0.5224589178420277,-0.3632319374720751,-0.010809703351241356,-0.007509779642027212,0.0
022,300022,F3_2019_2020,2019-01-01,2020-12-31,6.588,022,300022,1.8564,0.501,6,0.1156,4.0,3,60,8,0.1053,-0.7469892555929004,-0.6764671912034974,-0.017649858654509375,-0.01594498938882351,0.0
022,300022,F4_2020_2021,2020-01-01,2021-12-31,6.871,022,300022,1.8564,0.501,6,0.1156,4.0,3,60,8,0.1053,-1.084279229908005,-0.9354930555724758,-0.020800115447584443,-0.017902379828184843,0.0
022,300022,F5_2022_2023,2022-01-01,2023-12-31,5.788,022,300022,1.8564,0.501,6,0.1156,4.0,3,60,8,0.1053,0.5664940857907099,0.6371538505237244,0.015924551438023446,0.017917216654694722,0.0
023,300023,F1_2017_2018,2017-01-01,2018-12-31,5.183,023,300023,1.7506,0.4196,5,0.1165,4.0,3,30,6,0.051,-0.08983359252508126,-0.016752097843221934,-0.0036145094217395076,-0.0006750236297646006,0.0
023,300023,F2_2018_2019,2018-01-01,2019-12-31,5.36,023,300023,1.7506,0.4196,5,0.1165,4.0,3,30,6,0.051,-0.42746624673196787,-0.26709982114441133,-0.008756061023289761,-0.005466031122937146,0.0
023,300023,F3_2019_2020,2019-01-01,2020-12-31,6.441,023,300023,1.7506,0.4196,5,0.1165,4.0,3,30,6,0.051,-0.4350888771517587,-0.36104206528203514,-0.010923516979584597,-0.009036808941602702,0.0
023,300023,F4_2020_2021,2020-01-01,2021-12-31,6.735,023,300023,1.7506,0.4196,5,0.1165,4.0,3,30,6,0.051,-0.9728873480676176,-0.8295400004974263,-0.020050080857858966,-0.017020041090011602,0.0
023,300023,F5_2022_2023,2022-01-01,2023-12-31,5.661,023,300023,1.7506,0.4196,5,0.1165,4.0,3,30,6,0.051,-0.08927884985613085,-0.009276769777013333,-0.002413416443341418,-0.0002505003710228561,0.0
024,300024,F1_2017_2018,2017-01-01,2018-12-31,5.114,024,300024,2.2581,0.1558,5,0.0857,3.0,3,60,4,0.0614,0.5035226287595482,0.5665617325551421,0.01635160298928668,0.0184563499216664,0.0
024,300024,F2_2018_2019,2018-01-01,2019-12-31,5.168,024,300024,2.2581,0.1558,5,0.0857,3.0,3,60,4,0.0614,-1.219863835974281,-1.1015315593707744,-0.022258574221701213,-0.019999743633116386,0.0
024,300024,F3_2019_2020,2019-01-01,2020-12-31,6.744,024,300024,2.2581,0.1558,5,0.0857,3.0,3,60,4,0.0614,-0.07933964643752095,-0.022275645788047808,-0.0023492374230128094,-0.0006583270207643575,0.0
024,300024,F4_2020_2021,2020-01-01,2021-12-31,6.601,024,300024,2.2581,0.1558,5,0.0857,3.0,3,60,4,0.0614,-1.5029675194183736,-1.361464397387243,-0.023573980802683622,-0.021172121538162232,0.0
024,300024,F5_2022_2023,2022-01-01,2023-12-31,5.465,024,300024,2.2581,0.1558,5,0.0857,3.0,3,60,4,0.0614,0.32008472940334376,0.37356580028018466,0.010024577906781542,0.011682407535894546,0.0
025,300025,F1_2017_2018,2017-01-01,2018-12-31,5.25,025,300025,1.8997,0.514,5,0.1061,3.0,3,20,8,0.0563,-0.15560290714448252,-0.05347671784189261,-0.005044804844973139,-0.001733739924612871,0.0
025,300025,F2_2018_2019,2018-01-01,2019-12-31,5.398,025,300025,1.8997,0.514,5,0.1061,3.0,3,20,8,0.0563,-0.690761217684027,-0.5177559351559858,-0.012608450228866669,-0.0094365339232118,0.0
025,300025,F3_2019_2020,2019-01-01,2020-12-31,6.458,025,300025,1.8997,0.514,5,0.1061,3.0,3,20,8,0.0563,-0.6558170461400937,-0.5684807403929175,-0.012622262182766533,-0.010910877946257586,0.0
025,300025,F4_2020_2021,2020-01-01,2021-12-31,6.788,025,300025,1.8997,0.514,5,0.1061,3.0,3,20,8,0.0563,-0.8968638441547377,-0.7236878668353776,-0.01424574261913614,-0.011448737669914959,0.0
025,300025,F5_2022_2023,2022-01-01,2023-12-31,5.674,025,300025,1.8997,0.514,5,0.1061,3.0,3,20,8,0.0563,0.5139827885757311,0.5945084805980754,0.012802126804471783,0.014795324039890383,0.0
026,300026,F1_2017_2018,2017-01-01,2018-12-31,4.982,026,300026,1.756,0.7977,5,0.1129,3.0,3,20,3,0.1627,0.5797917236204091,0.6552392017460266,0.017844759678516155,0.020228287156948785,0.0
026,300026,F2_2018_2019,2018-01-01,2019-12-31,5.358,026,300026,1.756,0.7977,5,0.1129,3.0,3,20,3,0.1627,-0.3175840874436944,-0.2008175923495518,-0.006488497402746989,-0.004107097493517448,0.0
026,300026,F3_2019_2020,2019-01-01,2020-12-31,6.228,026,300026,1.756,0.7977,5,0.1129,3.0,3,20,3,0.1627,-0.4119751286172608,-0.35077054022969656,-0.011263515302911243,-0.00956750866174698,0.0
026,300026,F4_2020_2021,2020-01-01,2021-12-31,6.547,026,300026,1.756,0.7977,5,0.1129,3.0,3,20,3,0.1627,-1.4428643178635305,-1.3106720716147537,-0.03228718713914605,-0.02916244996070862,0.0
026,300026,F5_2022_2023,2022-01-01,2023-12-31,5.495,026,300026,1.756,0.7977,5,0.1129,3.0,3,20,3,0.1627,0.5457073104745925,0.6257703585789779,0.01448922430001706,0.016579529140717968,0.0
027,300027,F1_2017_2018,2017-01-01,2018-12-31,5.017,027,300027,1.8987,0.6685,5,0.0791,3.0,3,20,3,0.1389,0.4609932186799254,0.5227384454714212,0.01388504126218475,0.015767762846839645,0.0
027,300027,F2_2018_2019,2018-01-01,2019-12-31,5.158,027,300027,1.8987,0.6685,5,0.0791,3.0,3,20,3,0.1389,-0.5670011010655857,-0.4374729667103811,-0.012028130989106336,-0.0092712053414227,0.0
027,300027,F3_2019_2020,2019-01-01,2020-12-31,6.279,027,300027,1.8987,0.6685,5,0.0791,3.0,3,20,3,0.1389,-0.2966944612484461,-0.23618705244313884,-0.008227800161689487,-0.006535082337856293,0.0
027,300027,F4_2020_2021,2020-01-01,2021-12-31,6.595,027,300027,1.8987,0.6685,5,0.0791,3.0,3,20,3,0.1389,-1.1683314902028261,-1.0406306693610266,-0.025695607169769798,-0.022774180855751038,0.0
027,300027,F5_2022_2023,2022-01-01,2023-12-31,5.483,027,300027,1.8987,0.6685,5,0.0791,3.0,3,20,3,0.1389,0.5916686931564872,0.6614637116433277,0.016169798478284064,0.018069795889343328,0.0
028,300028,F1_2017_2018,2017-01-01,2018-12-31,5.205,028,300028,2.4386,0.1832,6,0.0627,3.0,3,30,8,0.0388,0.06942594614009098,0.14632365595966199,0.0021706614513829782,0.004578716058567127,0.0
028,300028,F2_2018_2019,2018-01-01,2019-12-31,5.246,028,300028,2.4386,0.1832,6,0.0627,3.0,3,30,8,0.0388,-1.317742721321133,-1.134031965500462,-0.015466846788553366,-0.013241060367514889,0.0
028,300028,F3_2019_2020,2019-01-01,2020-12-31,6.453,028,300028,2.4386,0.1832,6,0.0627,3.0,3,30,8,0.0388,-0.6693181588074444,-0.6031485658459214,-0.014496689957022767,-0.013015752038925882,0.0
028,300028,F4_2020_2021,2020-01-01,2021-12-31,6.691,028,300028,2.4386,0.1832,6,0.0627,3.0,3,30,8,0.0388,-0.88435278101317,-0.738144787394771,-0.01378406036847191,-0.011414670081943275,0.0
028,300028,F5_2022_2023,2022-01-01,2023-12-31,5.575,028,300028,2.4386,0.1832,6,0.0627,3.0,3,30,8,0.0388,0.3766459249840386,0.4595588298311716,0.007348870442858704,0.008949534210292877,0.0
029,300029,F1_2017_2018,2017-01-01,2018-12-31,5.145,029,300029,2.4725,0.589,5,0.0975,4.0,3,60,5,0.0106,0.17646046386636732,0.23042237243402325,0.007079289061999564,0.009257965391502582,0.0
029,300029,F2_2018_2019,2018-01-01,2019-12-31,5.24,029,300029,2.4725,0.589,5,0.0975,4.0,3,60,5,0.0106,-1.1121046996458372,-0.9882314894983778,-0.02191955537910691,-0.019424079481880983,0.0
029,300029,F3_2019_2020,2019-01-01,2020-12-31,6.368,029,300029,2.4725,0.589,5,0.0975,4.0,3,60,5,0.0106,0.02172990147359591,0.09548272837571636,0.0004853012865814084,0.0021237093698978395,0.0
029,300029,F4_2020_2021,2020-01-01,2021-12-31,6.656,029,300029,2.4725,0.589,5,0.0975,4.0,3,60,5,0.0106,-0.9884156888800086,-0.8425971430741064,-0.015388223878796247,-0.01304306600826979,0.0
029,300029,F5_2022_2023,2022-01-01,2023-12-31,5.507,029,300029,2.4725,0.589,5,0.0975,4.0,3,60,5,0.0106,0.1747093321186006,0.24169299719128992,0.00438074904513011,0.006043165394933995,0.0
030,300030,F1_2017_2018,2017-01-01,2018-12-31,4.998,030,300030,2.495,0.558,5,0.0787,4.0,3,20,3,0.1682,0.3185411995653826,0.36091901301691653,0.011662090661898652,0.013227536409493333,0.0
030,300030,F2_2018_2019,2018-01-01,2019-12-31,5.133,030,300030,2.495,0.558,5,0.0787,4.0,3,20,3,0.1682,-0.9224576676406285,-0.828388544673271,-0.01895519221173685,-0.016930833198363093,0.0
030,300030,F3_2019_2020,2019-01-01,2020-12-31,6.305,030,300030,2.495,0.558,5,0.0787,4.0,3,20,3,0.1682,0.23417329937371587,0.28648306067026663,0.007060369148779517,0.008608628305435177,0.0
030,300030,F4_2020_2021,2020-01-01,2021-12-31,6.555,030,300030,2.495,0.558,5,0.0787,4.0,3,20,3,0.1682,-0.9681160940506456,-0.8434961985966579,-0.019401824532206798,-0.016765961516380313,0.0
030,300030,F5_2022_2023,2022-01-01,2023-12-31,5.418,030,300030,2.495,0.558,5,0.0787,4.0,3,20,3,0.1682,0.33206658939963174,0.3927090880022216,0.008335831172835467,0.009829888164288269,0.0
031,300031,F1_2017_2018,2017-01-01,2018-12-31,5.175,031,300031,1.7966,0.6081,6,0.113,3.0,3,60,7,0.1651,0.09009460094824981,0.1859068902178445,0.0030003329985250587,0.006199670511957499,0.0
031,300031,F2_2018_2019,2018-01-01,2019-12-31,5.46,031,300031,1.7966,0.6081,6,0.113,3.0,3,60,7,0.1651,-0.5890536705778855,-0.42774442739306323,-0.011543809182908654,-0.008352924419015532,0.0
031,300031,F3_2019_2020,2019-01-01,2020-12-31,6.395,031,300031,1.7966,0.6081,6,0.113,3.0,3,60,7,0.1651,-1.018565750504616,-0.9479058323981411,-0.02499763404079329,-0.023189853938639163,0.0
031,300031,F4_2020_2021,2020-01-01,2021-12-31,6.737,031,300031,1.7966,0.6081,6,0.113,3.0,3,60,7,0.1651,-1.1922726883356713,-1.0142884272138564,-0.01897676455651301,-0.016047207127094266,0.0
031,300031,F5_2022_2023,2022-01-01,2023-12-31,5.667,031,300031,1.7966,0.6081,6,0.113,3.0,3,60,7,0.1651,0.06253823813432272,0.14935748489400855,0.0015320155005215774,0.0036507573065564947,0.0
032,300032,F1_2017_2018,2017-01-01,2018-12-31,5.075,032,300032,2.1671,0.6624,5,0.1155,4.0,3,60,5,0.1054,0.41246190777681924,0.476559076180119,0.01653619562515666,0.019133670011688142,0.0
032,300032,F2_2018_2019,2018-01-01,2019-12-31,5.235,032,300032,2.1671,0.6624,5,0.1155,4.0,3,60,5,0.1054,-0.7156805609738572,-0.5698247556041476,-0.012447936446899881,-0.009911560586442037,0.0
032,300032,F3_2019_2020,2019-01-01,2020-12-31,6.353,032,300032,2.1671,0.6624,5,0.1155,4.0,3,60,5,0.1054,0.21516125808728895,0.28051400112069336,0.005769497893044588,0.007513561819076538,0.0
032,300032,F4_2020_2021,2020-01-01,2021-12-31,6.616,032,300032,2.1671,0.6624,5,0.1155,4.0,3,60,5,0.1054,-0.39485116169796014,-0.25423006968765866,-0.007104901301812898,-0.004581611643314358,0.0
032,300032,F5_2022_2023,2022-01-01,2023-12-31,5.562,032,300032,2.1671,0.6624,5,0.1155,4.0,3,60,5,0.1054,0.5473597276481508,0.6133017130073127,0.01435520719478333,0.016056694736683082,0.0
033,300033,F1_2017_2018,2017-01-01,2018-12-31,5.172,033,300033,2.2132,0.7443,5,0.1158,4.0,3,30,7,0.1205,0.29158538369836706,0.377964839381545,0.010364970843207286,0.013452499014845421,0.0
033,300033,F2_2018_2019,2018-01-01,2019-12-31,5.341,033,300033,2.2132,0.7443,5,0.1158,4.0,3,30,7,0.1205,-0.8720645738064271,-0.7200704465284822,-0.01572455898456923,-0.012939771066415834,0.0
033,300033,F3_2019_2020,2019-01-01,2020-12-31,6.406,033,300033,2.2132,0.7443,5,0.1158,4.0,3,30,7,0.1205,0.13589987231784914,0.21428149795911772,0.002850577991980861,0.00449226160109043,0.0
033,300033,F4_2020_2021,2020-01-01,2021-12-31,6.689,033,300033,2.2132,0.7443,5,0.1158,4.0,3,30,7,0.1205,-1.4537119245996273,-1.3204165932853078,-0.023712567941231555,-0.02146970936477184,0.0
033,300033,F5_2022_2023,2022-01-01,2023-12-31,5.581,033,300033,2.2132,0.7443,5,0.1158,4.0,3,30,7,0.1205,0.07066186902173445,0.14157141506829915,0.0016759039385273078,0.0033504936314831925,0.0
034,300034,F1_2017_2018,2017-01-01,2018-12-31,5.144,034,300034,2.2248,0.1572,5,0.0637,4.0,3,60,6,0.1007,0.15148842828688922,0.2196788557114865,0.00542872738410418,0.007884590121161973,0.0
034,300034,F2_2018_2019,2018-01-01,2019-12-31,5.213,034,300034,2.2248,0.1572,5,0.0637,4.0,3,60,6,0.1007,-0.5301111638637991,-0.38812067990735377,-0.008338199599534744,-0.006096982831802978,0.0
034,300034,F3_2019_2020,2019-01-01,2020-12-31,6.407,034,300034,2.2248,0.1572,5,0.0637,4.0,3,60,6,0.1007,-0.2582024986873266,-0.1837720366278277,-0.005947949453097843,-0.004223782134950163,0.0
034,300034,F4_2020_2021,2020-01-01,2021-12-31,6.718,034,300034,2.2248,0.1572,5,0.0637,4.0,3,60,6,0.1007,-1.5510967570665155,-1.4200623463403628,-0.028200871846309823,-0.02570717467886209,0.0
034,300034,F5_2022_2023,2022-01-01,2023-12-31,5.608,034,300034,2.2248,0.1572,5,0.0637,4.0,3,60,6,0.1007,0.12964636338026145,0.1957868779952616,0.0033485207814756487,0.005046758404673571,0.0
035,300035,F1_2017_2018,2017-01-01,2018-12-31,5.056,035,300035,1.8135,0.4659,6,0.0647,4.0,3,60,4,0.172,0.24801111514393628,0.3025663070595938,0.008802754667280052,0.010765050177056904,0.0
035,300035,F2_2018_2019,2018-01-01,2019-12-31,5.202,035,300035,1.8135,0.4659,6,0.0647,4.0,3,60,4,0.172,-0.25772210405436013,-0.13146389794186553,-0.0052858861117504536,-0.0027054505192559055,0.0
035,300035,F3_2019_2020,2019-01-01,2020-12-31,6.336,035,300035,1.8135,0.4659,6,0.0647,4.0,3,60,4,0.172,-0.5142280571722923,-0.463236559271444,-0.018123473396354367,-0.01627850863754749,0.0
035,300035,F4_2020_2021,2020-01-01,2021-12-31,6.667,035,300035,1.8135,0.4659,6,0.0647,4.0,3,60,4,0.172,-1.3366350811386378,-1.22191051115367,-0.03205112366591774,-0.029094370205044743,0.0
035,300035,F5_2022_2023,2022-01-01,2023-12-31,5.549,035,300035,1.8135,0.4659,6,0.0647,4.0,3,60,4,0.172,0.48279222899561725,0.5480697574786161,0.015065510443548794,0.017084377087221887,0.0
036,300036,F1_2017_2018,2017-01-01,2018-12-31,4.991,036,300036,2.1088,0.6006,5,0.0749,4.0,3,60,3,0.1987,0.6347443946054699,0.6874079870732664,0.021366573772244036,0.023190878925750353,0.0
036,300036,F2_2018_2019,2018-01-01,2019-12-31,5.187,036,300036,2.1088,0.6006,5,0.0749,4.0,3,60,3,0.1987,-0.6133516993095088,-0.4968831079954161,-0.013438825555259909,-0.010830690301667174,0.0
036,300036,F3_2019_2020,2019-01-01,2020-12-31,6.296,036,300036,2.1088,0.6006,5,0.0749,4.0,3,60,3,0.1987,0.2538787255122931,0.3105478288275706,0.007691921940463909,0.009387959187507632,0.0
036,300036,F4_2020_2021,2020-01-01,2021-12-31,6.58,036,300036,2.1088,0.6006,5,0.0749,4.0,3,60,3,0.1987,-0.9232493203636191,-0.798617003676213,-0.020943964834502088,-0.01802494539642334,0.0
036,300036,F5_2022_2023,2022-01-01,2023-12-31,5.476,036,300036,2.1088,0.6006,5,0.0749,4.0,3,60,3,0.1987,0.3812762063562912,0.44334876688043057,0.010929774106909897,0.012680511538907438,0.0
037,300037,F1_2017_2018,2017-01-01,2018-12-31,5.057,037,300037,1.7934,0.4678,5,0.0926,4.0,3,20,4,0.1099,0.1321648318927313,0.20027272461885354,0.004928313359593123,0.007475131913697655,0.0
037,300037,F2_2018_2019,2018-01-01,2019-12-31,5.246,037,300037,1.7934,0.4678,5,0.0926,4.0,3,20,4,0.1099,-0.8439153999412181,-0.7203442063436787,-0.0203461335323301,-0.017337164120170702,0.0
037,300037,F3_2019_2020,2019-01-01,2020-12-31,6.351,037,300037,1.7934,0.4678,5,0.0926,4.0,3,20,4,0.1099,0.041439325514600105,0.10619783442709542,0.001172541762122609,0.0029967106053829205,0.0
037,300037,F4_2020_2021,2020-01-01,2021-12-31,6.605,037,300037,1.7934,0.4678,5,0.0926,4.0,3,20,4,0.1099,-1.2437034479290432,-1.1330961260615695,-0.029131762333200556,-0.026373143663406373,0.0
037,300037,F5_2022_2023,2022-01-01,2023-12-31,5.57,037,300037,1.7934,0.4678,5,0.0926,4.0,3,20,4,0.1099,0.3644846411638479,0.4267584771995585,0.011508878246125027,0.013462921478705486,0.0
038,300038,F1_2017_2018,2017-01-01,2018-12-31,5.231,038,300038,1.995,0.7818,6,0.0975,4.0,3,30,7,0.1506,0.10126492840419263,0.18742847773037483,0.003568865723576983,0.00661986969598119,0.0
038,300038,F2_2018_2019,2018-01-01,2019-12-31,5.368,038,300038,1.995,0.7818,6,0.0975,4.0,3,30,7,0.1506,-0.9266609465393878,-0.7820573174281087,-0.019511636593671736,-0.016423764190905597,0.0
038,300038,F3_2019_2020,2019-01-01,2020-12-31,6.518,038,300038,1.995,0.7818,6,0.0975,4.0,3,30,7,0.1506,-0.6254730200756063,-0.557116681060262,-0.01568666818750436,-0.013940898217976094,0.0
038,300038,F4_2020_2021,2020-01-01,2021-12-31,6.826,038,300038,1.995,0.7818,6,0.0975,4.0,3,30,7,0.1506,-0.7280635187866975,-0.5804442424219439,-0.01266554830053443,-0.010079069082677366,0.0
038,300038,F5_2022_2023,2022-01-01,2023-12-31,6.196,038,300038,1.995,0.7818,6,0.0975,4.0,3,30,7,0.1506,0.677977704158836,0.7550172269466031,0.01758742621488453,0.019564249918552566,0.0
039,300039,F1_2017_2018,2017-01-01,2018-12-31,5.915,039,300039,2.4444,0.4765,5,0.0957,4.0,3,30,3,0.1014,0.28273834459110286,0.3373192764357865,0.010636897028333142,0.012702760303615451,0.0
039,300039,F2_2018_2019,2018-01-01,2019-12-31,5.878,039,300039,2.4444,0.4765,5,0.0957,4.0,3,30,3,0.1014,-0.5180860386595592,-0.42995339228381046,-0.010039440555148651,-0.008308892618726443,0.0
039,300039,F3_2019_2020,2019-01-01,2020-12-31,7.276,039,300039,2.4444,0.4765,5,0.0957,4.0,3,30,3,0.1014,0.2533507895655146,0.3066641601041335,0.00747249384798758,0.009015698244571685,0.0
039,300039,F4_2020_2021,2020-01-01,2021-12-31,7.11,039,300039,2.4444,0.4765,5,0.0957,4.0,3,30,3,0.1014,-1.0629500596755777,-0.9397688820783696,-0.021070327807146055,-0.018447720328330995,0.0
039,300039,F5_2022_2023,2022-01-01,2023-12-31,5.84,039,300039,2.4444,0.4765,5,0.0957,4.0,3,30,3,0.1014,0.16834774603634195,0.2274730275109166,0.004374966671514816,0.005894141474805909,0.0
040,300040,F1_2017_2018,2017-01-01,2018-12-31,5.378,040,300040,2.1587,0.67,5,0.1045,3.0,3,30,6,0.0755,0.5067335567093618,0.5810571444737248,0.01819773857087822,0.020920301945050318,0.0
040,300040,F2_2018_2019,2018-01-01,2019-12-31,5.57,040,300040,2.1587,0.67,5,0.1045,3.0,3,30,6,0.0755,-1.1478140404843213,-0.9739177878770975,-0.01756991558570257,-0.014857554631321553,0.0
040,300040,F3_2019_2020,2019-01-01,2020-12-31,6.826,040,300040,2.1587,0.67,5,0.1045,3.0,3,30,6,0.0755,-0.2640172406404817,-0.18659588411107983,-0.005966300510944449,-0.004207512242317203,0.0
040,300040,F4_2020_2021,2020-01-01,2021-12-31,6.943,040,300040,2.1587,0.67,5,0.1045,3.0,3,30,6,0.0755,-0.9304725527561517,-0.7744348800660672,-0.014980521636658188,-0.01242757420182228,0.0
040,300040,F5_2022_2023,2022-01-01,2023-12-31,5.893,040,300040,2.1587,0.67,5,0.1045,3.0,3,30,6,0.0755,0.28171313779893836,0.35703415999137345,0.006445677118001397,0.008146902805116006,0.0
041,300041,F1_2017_2018,2017-01-01,2018-12-31,5.48,041,300041,2.083,0.6081,5,0.0787,4.0,3,60,8,0.1841,-0.0011210566904587245,0.08245558795293859,-3.7776934600535864e-05,0.0027768459555131807,0.0
041,300041,F2_2018_2019,2018-01-01,2019-12-31,5.58,041,300041,2.083,0.6081,5,0.0787,4.0,3,60,8,0.1841,-0.7781049550990289,-0.6200698601887721,-0.013390751690851596,-0.01062638334251495,0.0
041,300041,F3_2019_2020,2019-01-01,2020-12-31,6.891,041,300041,2.083,0.6081,5,0.0787,4.0,3,60,8,0.1841,-0.23222256010618578,-0.14945682391224066,-0.004538122908790171,-0.002911900911450384,0.0
041,300041,F4_2020_2021,2020-01-01,2021-12-31,7.891,041,300041,2.083,0.6081,5,0.0787,4.0,3,60,8,0.1841,-0.935991140145911,-0.7861883593552761,-0.016518250086268643,-0.013848931628674266,0.0
041,300041,F5_2022_2023,2022-01-01,2023-12-31,6.434,041,300041,2.083,0.6081,5,0.0787,4.0,3,60,8,0.1841,0.4994742155018321,0.5736082789556971,0.012340451898237683,0.01414678313002722,0.0
042,300042,F1_2017_2018,2017-01-01,2018-12-31,5.46,042,300042,2.262,0.5812,6,0.094,4.0,3,60,6,0.1675,0.0016383078534852854,0.08000576542979108,5.918705472902451e-05,0.0028955360133310674,0.0
042,300042,F2_2018_2019,2018-01-01,2019-12-31,5.537,042,300042,2.262,0.5812,6,0.094,4.0,3,60,6,0.1675,-1.0046839990872707,-0.8631282108546632,-0.018483667344081935,-0.015885348124032,0.0
042,300042,F3_2019_2020,2019-01-01,2020-12-31,6.816,042,300042,2.262,0.5812,6,0.094,4.0,3,60,6,0.1675,-0.5636674443665692,-0.5061135349403731,-0.016941260702909355,-0.015186293036401262,0.0
042,300042,F4_2020_2021,2020-01-01,2021-12-31,6.903,042,300042,2.262,0.5812,6,0.094,4.0,3,60,6,0.1675,-0.9147177898428942,-0.7704796478708172,-0.013945909226422016,-0.011719539554595947,0.0
042,300042,F5_2022_2023,2022-01-01,2023-12-31,5.697,042,300042,2.262,0.5812,6,0.094,4.0,3,60,6,0.1675,0.5152959657388967,0.5839269818430766,0.012238097216121239,0.013844751315515554,0.0
043,300043,F1_2017_2018,2017-01-01,2018-12-31,5.34,043,300043,2.2376,0.6818,5,0.0709,4.0,3,20,7,0.1015,-0.026988821589977126,0.055474225453980425,-0.0008931030679466272,0.0018378286086780415,0.0
043,300043,F2_2018_2019,2018-01-01,2019-12-31,5.528,043,300043,2.2376,0.6818,5,0.0709,4.0,3,20,7,0.1015,-0.8074979543172481,-0.656810483893922,-0.01325070481728282,-0.010727151366695463,0.0
043,300043,F3_2019_2020,2019-01-01,2020-12-31,6.575,043,300043,2.2376,0.6818,5,0.0709,4.0,3,20,7,0.1015,-0.06792731084880392,0.015912738175230003,-0.0012843929852176632,0.0003001974967718141,0.0
043,300043,F4_2020_2021,2020-01-01,2021-12-31,6.902,043,300043,2.2376,0.6818,5,0.0709,4.0,3,20,7,0.1015,-1.26375386693181,-1.1157715494660416,-0.019698764381569818,-0.017341805103838443,0.0
043,300043,F5_2022_2023,2022-01-01,2023-12-31,5.756,043,300043,2.2376,0.6818,5,0.0709,4.0,3,20,7,0.1015,0.14741975134346091,0.2225978952853964,0.0033730598028347165,0.005082299115695283,0.0
044,300044,F1_2017_2018,2017-01-01,2018-12-31,5.288,044,300044,1.8059,0.7544,6,0.0998,3.0,3,60,6,0.0252,0.21963880274275968,0.2984600833149156,0.007898838070960963,0.010757070886256803,0.0
044,300044,F2_2018_2019,2018-01-01,2019-12-31,5.471,044,300044,1.8059,0.7544,6,0.0998,3.0,3,60,6,0.0252,-1.0367576954250937,-0.8703199384486792,-0.019820809382606813,-0.016574173106075764,0.0
044,300044,F3_2019_2020,2019-01-01,2020-12-31,6.723,044,300044,1.8059,0.7544,6,0.0998,3.0,3,60,6,0.0252,-1.2438770160843504,-1.1786853289911285,-0.03132254958080974,-0.029569768725633622,0.0
044,300044,F4_2020_2021,2020-01-01,2021-12-31,7.212,044,300044,1.8059,0.7544,6,0.0998,3.0,3,60,6,0.0252,-1.0446591856835263,-0.8705251066882762,-0.016788938170857876,-0.013923887726664544,0.0
044,300044,F5_2022_2023,2022-01-01,2023-12-31,5.604,044,300044,1.8059,0.7544,6,0.0998,3.0,3,60,6,0.0252,0.07704037810132222,0.15903179813002027,0.0018933322931123826,0.003904123510017367,0.0
045,300045,F1_2017_2018,2017-01-01,2018-12-31,5.193,045,300045,2.0434,0.7337,5,0.0853,4.0,3,60,7,0.168,0.26726562608549626,0.34782062129728963,0.009329418927291475,0.012155142657016569,0.0
045,300045,F2_2018_2019,2018-01-01,2019-12-31,5.433,045,300045,2.0434,0.7337,5,0.0853,4.0,3,60,7,0.168,-0.8591833422542734,-0.717062393453946,-0.016194233733868295,-0.013465481194843809,0.0
045,300045,F3_2019_2020,2019-01-01,2020-12-31,6.441,045,300045,2.0434,0.7337,5,0.0853,4.0,3,60,7,0.168,-0.18306012790856363,-0.09944624635574696,-0.0037138922577186102,-0.002012932785809038,0.0
045,300045,F4_2020_2021,2020-01-01,2021-12-31,6.773,045,300045,2.0434,0.7337,5,0.0853,4.0,3,60,7,0.168,-0.7641696866047949,-0.607605065056304,-0.012304103652375494,-0.009753511879384518,0.0
045,300045,F5_2022_2023,2022-01-01,2023-12-31,5.666,045,300045,2.0434,0.7337,5,0.0853,4.0,3,60,7,0.168,0.20051814238336624,0.27503545179503247,0.005161545589667196,0.007065192204741298,0.0
046,300046,F1_2017_2018,2017-01-01,2018-12-31,5.02,046,300046,1.7461,0.5676,5,0.1192,4.0,3,60,3,0.1716,0.290699807000076,0.35711330490449117,0.010307481503603211,0.012691778502274412,0.0
046,300046,F2_2018_2019,2018-01-01,2019-12-31,5.272,046,300046,1.7461,0.5676,5,0.1192,4.0,3,60,3,0.1716,-0.12954079083153583,-0.013666754821410469,-0.002884585202052658,-0.0003044518523121266,0.0
046,300046,F3_2019_2020,2019-01-01,2020-12-31,6.316,046,300046,1.7461,0.5676,5,0.1192,4.0,3,60,3,0.1716,0.4049254206937267,0.4920821446638996,0.00781371518365727,0.00950175704503059,0.0
046,300046,F4_2020_2021,2020-01-01,2021-12-31,6.589,046,300046,1.7461,0.5676,5,0.1192,4.0,3,60,3,0.1716,-1.3438687370937767,-1.2311012622639304,-0.034414636755079456,-0.031288440496444705,0.0
046,300046,F5_2022_2023,2022-01-01,2023-12-31,5.53,046,300046,1.7461,0.5676,5,0.1192,4.0,3,60,3,0.1716,0.9292900292328699,1.0173663440620675,0.02185634769719315,0.02394968300085582,0.0
047,300047,F1_2017_2018,2017-01-01,2018-12-31,5.107,047,300047,1.9625,0.4122,5,0.0815,3.0,3,60,6,0.1916,0.3224226131498638,0.3974283611535956,0.01110066525449697,0.01372356375066463,0.0
047,300047,F2_2018_2019,2018-01-01,2019-12-31,5.273,047,300047,1.9625,0.4122,5,0.0815,3.0,3,60,6,0.1916,-0.3003981939399127,-0.13761604074590322,-0.005368051282420129,-0.002449282594445217,0.0
047,300047,F3_2019_2020,2019-01-01,2020-12-31,6.458,047,300047,1.9625,0.4122,5,0.0815,3.0,3,60,6,0.1916,-0.6890577547830633,-0.6123635741051686,-0.01609859990830235,-0.014263682674527167,0.0
047,300047,F4_2020_2021,2020-01-01,2021-12-31,7.275,047,300047,1.9625,0.4122,5,0.0815,3.0,3,60,6,0.1916,-0.9103146118795467,-0.7412574054243124,-0.013948488043910504,-0.011282266741871836,0.0
047,300047,F5_2022_2023,2022-01-01,2023-12-31,5.824,047,300047,1.9625,0.4122,5,0.0815,3.0,3,60,6,0.1916,0.35300291836356,0.42666717019331796,0.009674225882822463,0.011658468477119231,0.0
048,300048,F1_2017_2018,2017-01-01,2018-12-31,5.451,048,300048,2.068,0.4854,5,0.1022,4.0,3,30,8,0.0326,0.01524060521485868,0.1056835839170265,0.0005317534456764818,0.00368528821255133,0.0
048,300048,F2_2018_2019,2018-01-01,2019-12-31,5.951,048,300048,2.068,0.4854,5,0.1022,4.0,3,30,8,0.0326,-1.0070027720718748,-0.855056437910458,-0.01947159736800175,-0.01649278221795474,0.0
048,300048,F3_2019_2020,2019-01-01,2020-12-31,6.781,048,300048,2.068,0.4854,5,0.1022,4.0,3,30,8,0.0326,-0.27385120739614344,-0.18561226926772093,-0.004855848462966011,-0.0032803755527734766,0.0
048,300048,F4_2020_2021,2020-01-01,2021-12-31,7.008,048,300048,2.068,0.4854,5,0.1022,4.0,3,30,8,0.0326,-1.0202461030949523,-0.8786272496489852,-0.018029752348872715,-0.015459026017636058,0.0
048,300048,F5_2022_2023,2022-01-01,2023-12-31,5.868,048,300048,2.068,0.4854,5,0.1022,4.0,3,30,8,0.0326,0.34576926586696144,0.41353261780774353,0.009024690496237745,0.010770144684512102,0.0
049,300049,F1_2017_2018,2017-01-01,2018-12-31,5.326,049,300049,1.8735,0.2671,6,0.0961,4.0,3,60,6,0.0787,0.02986014450919387,0.10155959978932555,0.0011872336215372232,0.004046186897478066,0.0
049,300049,F2_2018_2019,2018-01-01,2019-12-31,5.565,049,300049,1.8735,0.2671,6,0.0961,4.0,3,60,6,0.0787,-0.9647629851095549,-0.8104420025479266,-0.01926167528350251,-0.016133101906886615,0.0
049,300049,F3_2019_2020,2019-01-01,2020-12-31,6.665,049,300049,1.8735,0.2671,6,0.0961,4.0,3,60,6,0.0787,-0.7429086223984219,-0.6838911974128467,-0.022912874471779813,-0.021041616122603413,0.0
049,300049,F4_2020_2021,2020-01-01,2021-12-31,7.127,049,300049,1.8735,0.2671,6,0.0961,4.0,3,60,6,0.0787,-0.7145699835654177,-0.5776649100635264,-0.01394793009448387,-0.011263603932619097,0.0
049,300049,F5_2022_2023,2022-01-01,2023-12-31,5.721,049,300049,1.8735,0.2671,6,0.0961,4.0,3,60,6,0.0787,0.4690162092301441,0.5386107861046568,0.013761328722761725,0.01580181632527691,0.0
